sa4_code,sa4_name,gcc_name,resident_population,population_year,existing_charging_location_count,existing_dc_location_count,locations_per_10000_residents,dc_locations_per_10000_residents
101,Capital Region,Rest of NSW,248376,2025,111,27,4.469030824234226,1.0870615518407576
102,Central Coast,Greater Sydney,357816,2025,41,9,1.145840320164554,0.2515259239385606
103,Central West,Rest of NSW,216979,2025,111,17,5.1157024412500745,0.7834859594707322
104,Coffs Harbour - Grafton,Rest of NSW,152331,2025,30,9,1.969395592492664,0.5908186777477992
105,Far West and Orana,Rest of NSW,118372,2025,30,12,2.534383131145879,1.0137532524583517
106,Hunter Valley exc Newcastle,Rest of NSW,316250,2025,122,9,3.857707509881423,0.2845849802371542
107,Illawarra,Rest of NSW,330469,2025,62,18,1.8761215121539387,0.5446804390124338
108,Mid North Coast,Rest of NSW,239566,2025,62,12,2.588013324094404,0.500905804663433
109,Murray,Rest of NSW,130078,2025,70,12,5.381386552683774,0.9225234090315042
110,New England and North West,Rest of NSW,191401,2025,60,14,3.1347798600843255,0.731448634019676
111,Newcastle and Lake Macquarie,Rest of NSW,412359,2025,83,13,2.012809226911502,0.31525927650421115
112,Richmond - Tweed,Rest of NSW,265824,2025,73,14,2.7461779222342604,0.5266642590586252
113,Riverina,Rest of NSW,166404,2025,72,15,4.326819066849355,0.9014206389269489
114,Southern Highlands and Shoalhaven,Rest of NSW,165285,2025,73,9,4.416613727803491,0.5445140212360469
115,Sydney - Baulkham Hills and Hawkesbury,Greater Sydney,295667,2025,24,9,0.8117240003111609,0.30439650011668534
116,Sydney - Blacktown,Greater Sydney,452374,2025,37,17,0.817907306785978,0.3757952490638277
117,Sydney - City and Inner South,Greater Sydney,369674,2025,134,19,3.6248153778734777,0.5139663595492244
118,Sydney - Eastern Suburbs,Greater Sydney,280449,2025,217,35,7.737592218192969,1.2479987448698338
119,Sydney - Inner South West,Greater Sydney,642157,2025,37,20,0.5761830829532342,0.3114503151098563
120,Sydney - Inner West,Greater Sydney,324297,2025,109,17,3.361116507399082,0.5242108314292145
121,Sydney - North Sydney and Hornsby,Greater Sydney,447312,2025,102,41,2.280287584504775,0.91658618592839
122,Sydney - Northern Beaches,Greater Sydney,272656,2025,56,21,2.053870078047063,0.7702012792676486
123,Sydney - Outer South West,Greater Sydney,323758,2025,17,14,0.5250835500589947,0.4324217471074074
124,Sydney - Outer West and Blue Mountains,Greater Sydney,350649,2025,44,14,1.2548160696308845,0.39925965851891776
125,Sydney - Parramatta,Greater Sydney,535540,2025,26,7,0.4854912798297046,0.130709190723382
126,Sydney - Ryde,Greater Sydney,218606,2025,18,8,0.8233991747710493,0.365955188787133
127,Sydney - South West,Greater Sydney,527701,2025,27,13,0.5116533794705714,0.24635162715249734
128,Sydney - Sutherland,Greater Sydney,240174,2025,12,8,0.49963776262209897,0.333091841748066
